,title,num_comments,ups,upvote_ratio,created
0,[D] Simple Questions Thread,22,5,0.78,2023-12-17 16:00:19
1,"[D] Deep dive into the MMLU (""Are you smarter than an LLM?"")",10,19,0.92,2023-12-21 18:21:28
2,"[P] the Decimator, or how to plot a lot of points",1,14,0.79,2023-12-21 15:54:54
3,[P] I built an open SotA image tagging model to do what CLIP won't,53,161,0.96,2023-12-21 01:34:39
4,Meta AI Residency Interview Question [D],24,32,0.84,2023-12-21 08:58:28
5,[D] Removed 50% of the weights from a top leaderboard LLM without negatively impacting the evals,30,18,0.56,2023-12-21 13:37:33
6,Opinion on X2Vec Papers[D],10,4,0.75,2023-12-21 13:42:43
7,[D] Mistral received funding and is worth billions now. Are open source LLMs the future?,142,404,0.96,2023-12-20 13:59:53
8,What is the optimal approach when training LLMs? [Discussion],1,5,1.0,2023-12-21 14:33:28
9,[D] My CV Engineer Friend Has an *Easy* Job. Is this Normal?,0,1,1.0,2023-12-21 21:32:48
10,[D] LLM for web scraper: HTML structure analysis,0,0,0.5,2023-12-21 21:30:33
11,[R] Experiments fine-tuning Mamba 130m on the SQuAD Question Answering dataset,5,27,1.0,2023-12-21 03:27:57
12,[R] Efficient Large Language Models: A Survey,1,8,0.91,2023-12-21 08:01:52
13,[P] Emu2: A Gemini-like open-source 37B Multimodal Model,2,11,0.82,2023-12-21 06:21:33
14,[D] Are medium-sized LLMs running on-device on consumer hardware a realistic expectation in 2024?,45,61,0.93,2023-12-20 19:48:50
15,[D] How to Use CogVLM in a Python Script?,0,1,0.67,2023-12-21 17:25:53
16,[D] LAION datasets,0,1,1.0,2023-12-21 17:01:27
17,Why Le Cam equation is not popular but very useful ? [R],3,14,0.85,2023-12-21 00:30:33
18,"Tailored coffee recommendations, powered by data science and machine learning [P]",0,0,0.4,2023-12-21 14:41:32
19,"[D] Learning Path for Understanding the Construction of ""Stable Diffusion"" AI Model",7,0,0.4,2023-12-21 14:40:14
20,[R] The Efficiency Spectrum of Large Language Models: An Algorithmic Survey,0,4,0.83,2023-12-21 08:09:16
21,[P] Scaling Challenges with Dashboard Plotly vs Tableau vs bunjs for High-Volume Data and User Interaction,0,0,0.5,2023-12-21 14:01:31
22,Does anyone here work with SELFIES in deep learning in Chemistry [D]?,0,0,0.5,2023-12-21 13:08:10
23,[D] PyTorch Cloud IDE - need clarification,1,0,0.5,2023-12-21 12:28:13
24,how do I find my input? [D] [P],3,0,0.33,2023-12-21 17:18:33
25,[D] What's the Current State-of-the-Art Model for Predicting Big Five Personality Traits from Text?,2,0,0.44,2023-12-21 14:25:19
